Workbook

Sheet Aday_Verileri
A1: No | B1: Aday Adı | C1: Tip | D1: İl/Bölge | E1: Kapasite (MW) | F1: Depolama Süresi (saat) | G1: Enerji (MWh) | H1: Alt Rezervuar Adı | I1: Alt Enlem | J1: Alt Boylam | K1: Alt Rezervuar Kotu (m) | L1: Üst Enlem | M1: Üst Boylam | N1: Üst Rezervuar Kotu (m) | O1: Brüt Düşü (m) | P1: Net Düşü (m) | Q1: Hidrolik Kayıp % | R1: Proje Debisi (m³/s) | S1: Üst Aktif Hacim (hm³) | T1: Çevrim Verimi % | U1: Pompa Gücü (MW) | V1: Pompaj Enerjisi/Çevrim (MWh) | W1: Yıllık Çevrim | X1: Yıllık Üretim (GWh) | Y1: Pik Fiyat ($/MWh) | Z1: Dip Fiyat ($/MWh) | AA1: Brüt Üretim Geliri (M USD) | AB1: Pompaj Enerji Maliyeti (M USD) | AC1: Net Arbitraj Geliri (M USD) | AD1: Yan Hizmet Geliri (M USD) | AE1: Kapasite Mekanizması Geliri (M USD) | AF1: Yıllık Toplam Gelir (M USD) | AG1: CAPEX Yoğunluğu ($/kW) | AH1: CAPEX (M USD) | AI1: O&M (M USD/yıl) | AJ1: Net Nakit Akımı (M USD/yıl) | AK1: Geri Ödeme (yıl) | AL1: Veri Güven Seviyesi | AM1: Risk Faktörleri | AN1: Hesap Notu | AO1: Alt Google Earth | AP1: Üst Google Earth | AQ1: Alt Kaynak URL | AR1: Üst/PDHES Kaynak URL
A2: 1 | B2: Gökçekaya PDHES | C2: Açık Çevrim PDHES | D2: Eskişehir | E2: 1400 | F2: 7 | G2: =E2*F2 -> 9800 | H2: Gökçekaya Barajı | I2: 40.03306 | J2: 31.01611 | K2: 389 | L2: 40.057 | M2: 30.979 | N2: =K2+O2 -> 769 | O2: 380 | P2: =O2*(1-Q2) -> 368.6 | Q2: =Input_Parametreleri!$B$7 -> 0.03 | R2: =IFERROR(E2*1000000/(Input_Parametreleri!$B$2*Input_Parametreleri!$B$3*P2*Input_Parametreleri!$B$4),0) -> 430.19087 | S2: =IFERROR(G2*3600000000/(Input_Parametreleri!$B$2*Input_Parametreleri!$B$3*P2*Input_Parametreleri!$B$4)/1000000,0) -> 10.84081 | T2: =Input_Parametreleri!$B$6 -> 0.78 | U2: =IFERROR(E2/Input_Parametreleri!$B$6,0) -> 1794.8718 | V2: =IFERROR(G2/Input_Parametreleri!$B$6,0) -> 12564.103 | W2: =Input_Parametreleri!$B$8 -> 300 | X2: =G2*W2/1000 -> 2940 | Y2: =Input_Parametreleri!$B$9 -> 110 | Z2: =Input_Parametreleri!$B$10 -> 45 | AA2: =G2*W2*Y2/1000000 -> 323.4 | AB2: =V2*W2*Z2/1000000 -> 169.61538 | AC2: =AA2-AB2 -> 153.78462 | AD2: =E2*Input_Parametreleri!$B$11/1000000 -> 63 | AE2: =E2*Input_Parametreleri!$B$12/1000000 -> 42 | AF2: =AC2+AD2+AE2 -> 258.78462 | AG2: =Input_Parametreleri!$B$13*(1+IF(P2<200,Input_Parametreleri!$B$17,0)+IF(O2>700,Input_Parametreleri!$B$16,0)+IF(ISNUMBER(SEARCH("Deniz",C2)),Input_Parametreleri!$B$15-1,0)) -> 1700 | AH2: =E2*1000*AG2/1000000 -> 2380 | AI2: =AH2*Input_Parametreleri!$B$14 -> 35.7 | AJ2: =AF2-AI2 -> 223.08462 | AK2: =IFERROR(AH2/AJ2,0) -> 10.668598 | AL2: Orta | AM2: Yüksek kurulu güç, büyük kazı/tünel; Sakarya havzası çevresel izin ve jeoloji riski | AN2: Alt kotlar için yayımlanmış su kotu/koordinat kaynakları; üst nokta ön etüt yerleşim noktasıdır. Nihai mühendislik için 10-30 m DEM ve sahada doğrulama gerekir. | AO2: https://earth.google.com/web/search/40.033060,31.016110 | AP2: https://earth.google.com/web/search/40.057000,30.979000 | AQ2: https://www.enerjiatlasi.com/hidroelektrik/gokcekaya-baraji.html | AR2: Ön etüt/harita doğrulaması gerekli; PDHES kavramsal tasarım bilgisi
A3: 2 | B3: Sarıyar PDHES | C3: Açık Çevrim PDHES | D3: Ankara/Eskişehir | E3: 1000 | F3: 7 | G3: =E3*F3 -> 7000 | H3: Sarıyar Barajı | I3: 40.04 | J3: 31.414167 | K3: 475 | L3: 40.048 | M3: 31.396 | N3: =K3+O3 -> 910 | O3: 435 | P3: =O3*(1-Q3) -> 421.95 | Q3: =Input_Parametreleri!$B$7 -> 0.03 | R3: =IFERROR(E3*1000000/(Input_Parametreleri!$B$2*Input_Parametreleri!$B$3*P3*Input_Parametreleri!$B$4),0) -> 268.4278 | S3: =IFERROR(G3*3600000000/(Input_Parametreleri!$B$2*Input_Parametreleri!$B$3*P3*Input_Parametreleri!$B$4)/1000000,0) -> 6.7643806 | T3: =Input_Parametreleri!$B$6 -> 0.78 | U3: =IFERROR(E3/Input_Parametreleri!$B$6,0) -> 1282.0513 | V3: =IFERROR(G3/Input_Parametreleri!$B$6,0) -> 8974.359 | W3: =Input_Parametreleri!$B$8 -> 300 | X3: =G3*W3/1000 -> 2100 | Y3: =Input_Parametreleri!$B$9 -> 110 | Z3: =Input_Parametreleri!$B$10 -> 45 | AA3: =G3*W3*Y3/1000000 -> 231 | AB3: =V3*W3*Z3/1000000 -> 121.15385 | AC3: =AA3-AB3 -> 109.84615 | AD3: =E3*Input_Parametreleri!$B$11/1000000 -> 45 | AE3: =E3*Input_Parametreleri!$B$12/1000000 -> 30 | AF3: =AC3+AD3+AE3 -> 184.84615 | AG3: =Input_Parametreleri!$B$13*(1+IF(P3<200,Input_Parametreleri!$B$17,0)+IF(O3>700,Input_Parametreleri!$B$16,0)+IF(ISNUMBER(SEARCH("Deniz",C3)),Input_Parametreleri!$B$15-1,0)) -> 1700 | AH3: =E3*1000*AG3/1000000 -> 1700 | AI3: =AH3*Input_Parametreleri!$B$14 -> 25.5 | AJ3: =AF3-AI3 -> 159.34615 | AK3: =IFERROR(AH3/AJ3,0) -> 10.668598 | AL3: Yüksek/Orta | AM3: Sakarya havzası, mevcut HES/baraj işletmesiyle koordinasyon; yakın yerleşim ve jeoloji | AN3: Alt kotlar için yayımlanmış su kotu/koordinat kaynakları; üst nokta ön etüt yerleşim noktasıdır. Nihai mühendislik için 10-30 m DEM ve sahada doğrulama gerekir. | AO3: https://earth.google.com/web/search/40.040000,31.414167 | AP3: https://earth.google.com/web/search/40.048000,31.396000 | AQ3: https://www.enerjiatlasi.com/hidroelektrik/sariyar-baraji.html | AR3: https://www.emo.org.tr/ekler/05c493149542899_ek.pdf
A4: 3 | B4: Altınkaya PDHES | C4: Açık Çevrim PDHES | D4: Samsun | E4: 1800 | F4: 7 | G4: =E4*F4 -> 12600 | H4: Altınkaya Barajı | I4: 41.363333 | J4: 35.724167 | K4: 190 | L4: 41.382 | M4: 35.674 | N4: =K4+O4 -> 801 | O4: 611 | P4: =O4*(1-Q4) -> 592.67 | Q4: =Input_Parametreleri!$B$7 -> 0.03 | R4: =IFERROR(E4*1000000/(Input_Parametreleri!$B$2*Input_Parametreleri!$B$3*P4*Input_Parametreleri!$B$4),0) -> 343.99176 | S4: =IFERROR(G4*3600000000/(Input_Parametreleri!$B$2*Input_Parametreleri!$B$3*P4*Input_Parametreleri!$B$4)/1000000,0) -> 8.6685924 | T4: =Input_Parametreleri!$B$6 -> 0.78 | U4: =IFERROR(E4/Input_Parametreleri!$B$6,0) -> 2307.6923 | V4: =IFERROR(G4/Input_Parametreleri!$B$6,0) -> 16153.846 | W4: =Input_Parametreleri!$B$8 -> 300 | X4: =G4*W4/1000 -> 3780 | Y4: =Input_Parametreleri!$B$9 -> 110 | Z4: =Input_Parametreleri!$B$10 -> 45 | AA4: =G4*W4*Y4/1000000 -> 415.8 | AB4: =V4*W4*Z4/1000000 -> 218.07692 | AC4: =AA4-AB4 -> 197.72308 | AD4: =E4*Input_Parametreleri!$B$11/1000000 -> 81 | AE4: =E4*Input_Parametreleri!$B$12/1000000 -> 54 | AF4: =AC4+AD4+AE4 -> 332.72308 | AG4: =Input_Parametreleri!$B$13*(1+IF(P4<200,Input_Parametreleri!$B$17,0)+IF(O4>700,Input_Parametreleri!$B$16,0)+IF(ISNUMBER(SEARCH("Deniz",C4)),Input_Parametreleri!$B$15-1,0)) -> 1700 | AH4: =E4*1000*AG4/1000000 -> 3060 | AI4: =AH4*Input_Parametreleri!$B$14 -> 45.9 | AJ4: =AF4-AI4 -> 286.82308 | AK4: =IFERROR(AH4/AJ4,0) -> 10.668598 | AL4: Yüksek/Orta | AM4: Çok büyük kapasite; tünel/şaft uzunluğu, kamulaştırma ve rezervuar alanı riski | AN4: Alt kotlar için yayımlanmış su kotu/koordinat kaynakları; üst nokta ön etüt yerleşim noktasıdır. Nihai mühendislik için 10-30 m DEM ve sahada doğrulama gerekir. | AO4: https://earth.google.com/web/search/41.363333,35.724167 | AP4: https://earth.google.com/web/search/41.382000,35.674000 | AQ4: https://www.enerjiatlasi.com/hidroelektrik/altinkaya-baraji.html | AR4: https://web.itu.edu.tr/aydere/PDHES_raporu_v2.pdf
A5: 4 | B5: Bayramhacılı PDHES | C5: Açık Çevrim PDHES | D5: Kayseri/Nevşehir | E5: 1000 | F5: 7 | G5: =E5*F5 -> 7000 | H5: Bayramhacılı Barajı / Kızılırmak | I5: 38.78611 | J5: 35.05583 | K5: 980 | L5: 38.79389 | M5: 35.055 | N5: =K5+O5 -> 1141 | O5: 161 | P5: =O5*(1-Q5) -> 156.17 | Q5: =Input_Parametreleri!$B$7 -> 0.03 | R5: =IFERROR(E5*1000000/(Input_Parametreleri!$B$2*Input_Parametreleri!$B$3*P5*Input_Parametreleri!$B$4),0) -> 725.25524 | S5: =IFERROR(G5*3600000000/(Input_Parametreleri!$B$2*Input_Parametreleri!$B$3*P5*Input_Parametreleri!$B$4)/1000000,0) -> 18.276432 | T5: =Input_Parametreleri!$B$6 -> 0.78 | U5: =IFERROR(E5/Input_Parametreleri!$B$6,0) -> 1282.0513 | V5: =IFERROR(G5/Input_Parametreleri!$B$6,0) -> 8974.359 | W5: =Input_Parametreleri!$B$8 -> 300 | X5: =G5*W5/1000 -> 2100 | Y5: =Input_Parametreleri!$B$9 -> 110 | Z5: =Input_Parametreleri!$B$10 -> 45 | AA5: =G5*W5*Y5/1000000 -> 231 | AB5: =V5*W5*Z5/1000000 -> 121.15385 | AC5: =AA5-AB5 -> 109.84615 | AD5: =E5*Input_Parametreleri!$B$11/1000000 -> 45 | AE5: =E5*Input_Parametreleri!$B$12/1000000 -> 30 | AF5: =AC5+AD5+AE5 -> 184.84615 | AG5: =Input_Parametreleri!$B$13*(1+IF(P5<200,Input_Parametreleri!$B$17,0)+IF(O5>700,Input_Parametreleri!$B$16,0)+IF(ISNUMBER(SEARCH("Deniz",C5)),Input_Parametreleri!$B$15-1,0)) -> 1870 | AH5: =E5*1000*AG5/1000000 -> 1870 | AI5: =AH5*Input_Parametreleri!$B$14 -> 28.05 | AJ5: =AF5-AI5 -> 156.79615 | AK5: =IFERROR(AH5/AJ5,0) -> 11.926313 | AL5: Yüksek/Orta | AM5: Kaynaklarda farklı koordinat/kot referansları var; yerel datum-ASL dönüşümü teyit edilmeli | AN5: Alt kotlar için yayımlanmış su kotu/koordinat kaynakları; üst nokta ön etüt yerleşim noktasıdır. Nihai mühendislik için 10-30 m DEM ve sahada doğrulama gerekir. | AO5: https://earth.google.com/web/search/38.786110,35.055830 | AP5: https://earth.google.com/web/search/38.793890,35.055000 | AQ5: https://www.senerji.com/Sayfa-55-bayramhacili-hes.html | AR5: 430169.pdf; Çizelge 7.5 üst rezervuar/santral koordinatları
A6: 5 | B6: Hasan Uğurlu PDHES | C6: Açık Çevrim PDHES | D6: Samsun | E6: 1000 | F6: 7 | G6: =E6*F6 -> 7000 | H6: Hasan Uğurlu Barajı | I6: 40.93611 | J6: 36.64639 | K6: 190 | L6: 40.945 | M6: 36.631 | N6: =K6+O6 -> 760 | O6: 570 | P6: =O6*(1-Q6) -> 552.9 | Q6: =Input_Parametreleri!$B$7 -> 0.03 | R6: =IFERROR(E6*1000000/(Input_Parametreleri!$B$2*Input_Parametreleri!$B$3*P6*Input_Parametreleri!$B$4),0) -> 204.85279 | S6: =IFERROR(G6*3600000000/(Input_Parametreleri!$B$2*Input_Parametreleri!$B$3*P6*Input_Parametreleri!$B$4)/1000000,0) -> 5.1622904 | T6: =Input_Parametreleri!$B$6 -> 0.78 | U6: =IFERROR(E6/Input_Parametreleri!$B$6,0) -> 1282.0513 | V6: =IFERROR(G6/Input_Parametreleri!$B$6,0) -> 8974.359 | W6: =Input_Parametreleri!$B$8 -> 300 | X6: =G6*W6/1000 -> 2100 | Y6: =Input_Parametreleri!$B$9 -> 110 | Z6: =Input_Parametreleri!$B$10 -> 45 | AA6: =G6*W6*Y6/1000000 -> 231 | AB6: =V6*W6*Z6/1000000 -> 121.15385 | AC6: =AA6-AB6 -> 109.84615 | AD6: =E6*Input_Parametreleri!$B$11/1000000 -> 45 | AE6: =E6*Input_Parametreleri!$B$12/1000000 -> 30 | AF6: =AC6+AD6+AE6 -> 184.84615 | AG6: =Input_Parametreleri!$B$13*(1+IF(P6<200,Input_Parametreleri!$B$17,0)+IF(O6>700,Input_Parametreleri!$B$16,0)+IF(ISNUMBER(SEARCH("Deniz",C6)),Input_Parametreleri!$B$15-1,0)) -> 1700 | AH6: =E6*1000*AG6/1000000 -> 1700 | AI6: =AH6*Input_Parametreleri!$B$14 -> 25.5 | AJ6: =AF6-AI6 -> 159.34615 | AK6: =IFERROR(AH6/AJ6,0) -> 10.668598 | AL6: Yüksek/Orta | AM6: Yeşilırmak havzası; yüksek düşü, şaft/yeraltı yapı riski | AN6: Alt kotlar için yayımlanmış su kotu/koordinat kaynakları; üst nokta ön etüt yerleşim noktasıdır. Nihai mühendislik için 10-30 m DEM ve sahada doğrulama gerekir. | AO6: https://earth.google.com/web/search/40.936110,36.646390 | AP6: https://earth.google.com/web/search/40.945000,36.631000 | AQ6: https://www.enerjiatlasi.com/hidroelektrik/hasan-ugurlu-baraji.html | AR6: https://www.emo.org.tr/ekler/05c493149542899_ek.pdf
A7: 6 | B7: Adıgüzel PDHES | C7: Açık Çevrim PDHES | D7: Denizli | E7: 1000 | F7: 7 | G7: =E7*F7 -> 7000 | H7: Adıgüzel Barajı | I7: 38.15889 | J7: 29.20583 | K7: 453.5 | L7: 38.164 | M7: 29.198 | N7: =K7+O7 -> 695.5 | O7: 242 | P7: =O7*(1-Q7) -> 234.74 | Q7: =Input_Parametreleri!$B$7 -> 0.03 | R7: =IFERROR(E7*1000000/(Input_Parametreleri!$B$2*Input_Parametreleri!$B$3*P7*Input_Parametreleri!$B$4),0) -> 482.50452 | S7: =IFERROR(G7*3600000000/(Input_Parametreleri!$B$2*Input_Parametreleri!$B$3*P7*Input_Parametreleri!$B$4)/1000000,0) -> 12.159114 | T7: =Input_Parametreleri!$B$6 -> 0.78 | U7: =IFERROR(E7/Input_Parametreleri!$B$6,0) -> 1282.0513 | V7: =IFERROR(G7/Input_Parametreleri!$B$6,0) -> 8974.359 | W7: =Input_Parametreleri!$B$8 -> 300 | X7: =G7*W7/1000 -> 2100 | Y7: =Input_Parametreleri!$B$9 -> 110 | Z7: =Input_Parametreleri!$B$10 -> 45 | AA7: =G7*W7*Y7/1000000 -> 231 | AB7: =V7*W7*Z7/1000000 -> 121.15385 | AC7: =AA7-AB7 -> 109.84615 | AD7: =E7*Input_Parametreleri!$B$11/1000000 -> 45 | AE7: =E7*Input_Parametreleri!$B$12/1000000 -> 30 | AF7: =AC7+AD7+AE7 -> 184.84615 | AG7: =Input_Parametreleri!$B$13*(1+IF(P7<200,Input_Parametreleri!$B$17,0)+IF(O7>700,Input_Parametreleri!$B$16,0)+IF(ISNUMBER(SEARCH("Deniz",C7)),Input_Parametreleri!$B$15-1,0)) -> 1700 | AH7: =E7*1000*AG7/1000000 -> 1700 | AI7: =AH7*Input_Parametreleri!$B$14 -> 25.5 | AJ7: =AF7-AI7 -> 159.34615 | AK7: =IFERROR(AH7/AJ7,0) -> 10.668598 | AL7: Yüksek/Orta | AM7: Büyük Menderes havzası; tarım/sulama işletmesiyle koordinasyon ve yamaç stabilitesi | AN7: Alt kotlar için yayımlanmış su kotu/koordinat kaynakları; üst nokta ön etüt yerleşim noktasıdır. Nihai mühendislik için 10-30 m DEM ve sahada doğrulama gerekir. | AO7: https://earth.google.com/web/search/38.158890,29.205830 | AP7: https://earth.google.com/web/search/38.164000,29.198000 | AQ7: https://www.enerjiatlasi.com/hidroelektrik/adiguzel-baraji.html | AR7: https://www.emo.org.tr/ekler/05c493149542899_ek.pdf
A8: 7 | B8: Kargı PDHES | C8: Açık Çevrim PDHES | D8: Ankara/Eskişehir | E8: 500 | F8: 7 | G8: =E8*F8 -> 3500 | H8: Kargı Barajı | I8: 39.966111 | J8: 31.74 | K8: 557.5 | L8: 39.978 | M8: 31.713 | N8: =K8+O8 -> 1070.5 | O8: 513 | P8: =O8*(1-Q8) -> 497.61 | Q8: =Input_Parametreleri!$B$7 -> 0.03 | R8: =IFERROR(E8*1000000/(Input_Parametreleri!$B$2*Input_Parametreleri!$B$3*P8*Input_Parametreleri!$B$4),0) -> 113.80711 | S8: =IFERROR(G8*3600000000/(Input_Parametreleri!$B$2*Input_Parametreleri!$B$3*P8*Input_Parametreleri!$B$4)/1000000,0) -> 2.8679391 | T8: =Input_Parametreleri!$B$6 -> 0.78 | U8: =IFERROR(E8/Input_Parametreleri!$B$6,0) -> 641.02564 | V8: =IFERROR(G8/Input_Parametreleri!$B$6,0) -> 4487.1795 | W8: =Input_Parametreleri!$B$8 -> 300 | X8: =G8*W8/1000 -> 1050 | Y8: =Input_Parametreleri!$B$9 -> 110 | Z8: =Input_Parametreleri!$B$10 -> 45 | AA8: =G8*W8*Y8/1000000 -> 115.5 | AB8: =V8*W8*Z8/1000000 -> 60.576923 | AC8: =AA8-AB8 -> 54.923077 | AD8: =E8*Input_Parametreleri!$B$11/1000000 -> 22.5 | AE8: =E8*Input_Parametreleri!$B$12/1000000 -> 15 | AF8: =AC8+AD8+AE8 -> 92.423077 | AG8: =Input_Parametreleri!$B$13*(1+IF(P8<200,Input_Parametreleri!$B$17,0)+IF(O8>700,Input_Parametreleri!$B$16,0)+IF(ISNUMBER(SEARCH("Deniz",C8)),Input_Parametreleri!$B$15-1,0)) -> 1700 | AH8: =E8*1000*AG8/1000000 -> 850 | AI8: =AH8*Input_Parametreleri!$B$14 -> 12.75 | AJ8: =AF8-AI8 -> 79.673077 | AK8: =IFERROR(AH8/AJ8,0) -> 10.668598 | AL8: Yüksek/Orta | AM8: Kapasite kaynaklarında farklılık olabilir; üst rezervuar kil havuz ve jeoteknik risk | AN8: Alt kotlar için yayımlanmış su kotu/koordinat kaynakları; üst nokta ön etüt yerleşim noktasıdır. Nihai mühendislik için 10-30 m DEM ve sahada doğrulama gerekir. | AO8: https://earth.google.com/web/search/39.966111,31.740000 | AP8: https://earth.google.com/web/search/39.978000,31.713000 | AQ8: https://turkiyebarajlar.com/baraj/kargi-baraji-ve-hes | AR8: https://www.emo.org.tr/ekler/05c493149542899_ek.pdf
A9: 8 | B9: Karacaören II PDHES | C9: Açık Çevrim PDHES | D9: Burdur | E9: 500 | F9: 7 | G9: =E9*F9 -> 3500 | H9: Karacaören II Barajı | I9: 37.306667 | J9: 30.808889 | K9: 187.5 | L9: 37.325 | M9: 30.78 | N9: =K9+O9 -> 802.5 | O9: 615 | P9: =O9*(1-Q9) -> 596.55 | Q9: =Input_Parametreleri!$B$7 -> 0.03 | R9: =IFERROR(E9*1000000/(Input_Parametreleri!$B$2*Input_Parametreleri!$B$3*P9*Input_Parametreleri!$B$4),0) -> 94.931783 | S9: =IFERROR(G9*3600000000/(Input_Parametreleri!$B$2*Input_Parametreleri!$B$3*P9*Input_Parametreleri!$B$4)/1000000,0) -> 2.3922809 | T9: =Input_Parametreleri!$B$6 -> 0.78 | U9: =IFERROR(E9/Input_Parametreleri!$B$6,0) -> 641.02564 | V9: =IFERROR(G9/Input_Parametreleri!$B$6,0) -> 4487.1795 | W9: =Input_Parametreleri!$B$8 -> 300 | X9: =G9*W9/1000 -> 1050 | Y9: =Input_Parametreleri!$B$9 -> 110 | Z9: =Input_Parametreleri!$B$10 -> 45 | AA9: =G9*W9*Y9/1000000 -> 115.5 | AB9: =V9*W9*Z9/1000000 -> 60.576923 | AC9: =AA9-AB9 -> 54.923077 | AD9: =E9*Input_Parametreleri!$B$11/1000000 -> 22.5 | AE9: =E9*Input_Parametreleri!$B$12/1000000 -> 15 | AF9: =AC9+AD9+AE9 -> 92.423077 | AG9: =Input_Parametreleri!$B$13*(1+IF(P9<200,Input_Parametreleri!$B$17,0)+IF(O9>700,Input_Parametreleri!$B$16,0)+IF(ISNUMBER(SEARCH("Deniz",C9)),Input_Parametreleri!$B$15-1,0)) -> 1700 | AH9: =E9*1000*AG9/1000000 -> 850 | AI9: =AH9*Input_Parametreleri!$B$14 -> 12.75 | AJ9: =AF9-AI9 -> 79.673077 | AK9: =IFERROR(AH9/AJ9,0) -> 10.668598 | AL9: Orta | AM9: Aksu/Antalya havzası; yüksek düşü için uzun su yolu ve çevresel duyarlılık | AN9: Alt kotlar için yayımlanmış su kotu/koordinat kaynakları; üst nokta ön etüt yerleşim noktasıdır. Nihai mühendislik için 10-30 m DEM ve sahada doğrulama gerekir. | AO9: https://earth.google.com/web/search/37.306667,30.808889 | AP9: https://earth.google.com/web/search/37.325000,30.780000 | AQ9: https://www.enerjiatlasi.com/hidroelektrik/karacaoren-2-hes.html | AR9: Ön etüt/harita doğrulaması gerekli
A10: 9 | B10: Yamula PDHES | C10: Açık Çevrim PDHES | D10: Kayseri | E10: 500 | F10: 7 | G10: =E10*F10 -> 3500 | H10: Yamula Barajı | I10: 38.90389 | J10: 35.27111 | K10: 1100 | L10: 38.914 | M10: 35.253 | N10: =K10+O10 -> 1360 | O10: 260 | P10: =O10*(1-Q10) -> 252.2 | Q10: =Input_Parametreleri!$B$7 -> 0.03 | R10: =IFERROR(E10*1000000/(Input_Parametreleri!$B$2*Input_Parametreleri!$B$3*P10*Input_Parametreleri!$B$4),0) -> 224.55018 | S10: =IFERROR(G10*3600000000/(Input_Parametreleri!$B$2*Input_Parametreleri!$B$3*P10*Input_Parametreleri!$B$4)/1000000,0) -> 5.6586645 | T10: =Input_Parametreleri!$B$6 -> 0.78 | U10: =IFERROR(E10/Input_Parametreleri!$B$6,0) -> 641.02564 | V10: =IFERROR(G10/Input_Parametreleri!$B$6,0) -> 4487.1795 | W10: =Input_Parametreleri!$B$8 -> 300 | X10: =G10*W10/1000 -> 1050 | Y10: =Input_Parametreleri!$B$9 -> 110 | Z10: =Input_Parametreleri!$B$10 -> 45 | AA10: =G10*W10*Y10/1000000 -> 115.5 | AB10: =V10*W10*Z10/1000000 -> 60.576923 | AC10: =AA10-AB10 -> 54.923077 | AD10: =E10*Input_Parametreleri!$B$11/1000000 -> 22.5 | AE10: =E10*Input_Parametreleri!$B$12/1000000 -> 15 | AF10: =AC10+AD10+AE10 -> 92.423077 | AG10: =Input_Parametreleri!$B$13*(1+IF(P10<200,Input_Parametreleri!$B$17,0)+IF(O10>700,Input_Parametreleri!$B$16,0)+IF(ISNUMBER(SEARCH("Deniz",C10)),Input_Parametreleri!$B$15-1,0)) -> 1700 | AH10: =E10*1000*AG10/1000000 -> 850 | AI10: =AH10*Input_Parametreleri!$B$14 -> 12.75 | AJ10: =AF10-AI10 -> 79.673077 | AK10: =IFERROR(AH10/AJ10,0) -> 10.668598 | AL10: Yüksek/Orta | AM10: Kızılırmak havzası; yüksek rakım, kış işletmesi, jeoloji | AN10: Alt kotlar için yayımlanmış su kotu/koordinat kaynakları; üst nokta ön etüt yerleşim noktasıdır. Nihai mühendislik için 10-30 m DEM ve sahada doğrulama gerekir. | AO10: https://earth.google.com/web/search/38.903890,35.271110 | AP10: https://earth.google.com/web/search/38.914000,35.253000 | AQ10: https://www.enerjiatlasi.com/hidroelektrik/yamula-baraji.html | AR10: https://www.emo.org.tr/ekler/05c493149542899_ek.pdf
A11: 10 | B11: Oymapınar PDHES | C11: Açık Çevrim PDHES | D11: Antalya | E11: 500 | F11: 7 | G11: =E11*F11 -> 3500 | H11: Oymapınar Barajı | I11: 36.90861 | J11: 31.53167 | K11: 184 | L11: 36.916 | M11: 31.529 | N11: =K11+O11 -> 556 | O11: 372 | P11: =O11*(1-Q11) -> 360.84 | Q11: =Input_Parametreleri!$B$7 -> 0.03 | R11: =IFERROR(E11*1000000/(Input_Parametreleri!$B$2*Input_Parametreleri!$B$3*P11*Input_Parametreleri!$B$4),0) -> 156.94367 | S11: =IFERROR(G11*3600000000/(Input_Parametreleri!$B$2*Input_Parametreleri!$B$3*P11*Input_Parametreleri!$B$4)/1000000,0) -> 3.9549806 | T11: =Input_Parametreleri!$B$6 -> 0.78 | U11: =IFERROR(E11/Input_Parametreleri!$B$6,0) -> 641.02564 | V11: =IFERROR(G11/Input_Parametreleri!$B$6,0) -> 4487.1795 | W11: =Input_Parametreleri!$B$8 -> 300 | X11: =G11*W11/1000 -> 1050 | Y11: =Input_Parametreleri!$B$9 -> 110 | Z11: =Input_Parametreleri!$B$10 -> 45 | AA11: =G11*W11*Y11/1000000 -> 115.5 | AB11: =V11*W11*Z11/1000000 -> 60.576923 | AC11: =AA11-AB11 -> 54.923077 | AD11: =E11*Input_Parametreleri!$B$11/1000000 -> 22.5 | AE11: =E11*Input_Parametreleri!$B$12/1000000 -> 15 | AF11: =AC11+AD11+AE11 -> 92.423077 | AG11: =Input_Parametreleri!$B$13*(1+IF(P11<200,Input_Parametreleri!$B$17,0)+IF(O11>700,Input_Parametreleri!$B$16,0)+IF(ISNUMBER(SEARCH("Deniz",C11)),Input_Parametreleri!$B$15-1,0)) -> 1700 | AH11: =E11*1000*AG11/1000000 -> 850 | AI11: =AH11*Input_Parametreleri!$B$14 -> 12.75 | AJ11: =AF11-AI11 -> 79.673077 | AK11: =IFERROR(AH11/AJ11,0) -> 10.668598 | AL11: Yüksek/Orta | AM11: Turizm/doğa koruma, Manavgat havzası su yönetimi ve yeraltı santrali riski | AN11: Alt kotlar için yayımlanmış su kotu/koordinat kaynakları; üst nokta ön etüt yerleşim noktasıdır. Nihai mühendislik için 10-30 m DEM ve sahada doğrulama gerekir. | AO11: https://earth.google.com/web/search/36.908610,31.531670 | AP11: https://earth.google.com/web/search/36.916000,31.529000 | AQ11: https://www.enerjiatlasi.com/hidroelektrik/oymapinar-baraji.html | AR11: https://avesis.gazi.edu.tr/yonetilen-tez/76f89662-aaa8-4dd0-b548-7ce36fe99e7c/pompaj-depolamali-hidroelektrik-santral-tasarimi
A12: 11 | B12: Aslantaş PDHES | C12: Açık Çevrim PDHES | D12: Osmaniye/Adana | E12: 500 | F12: 7 | G12: =E12*F12 -> 3500 | H12: Aslantaş Barajı | I12: 37.272778 | J12: 36.270833 | K12: 155 | L12: 37.281 | M12: 36.265 | N12: =K12+O12 -> 309 | O12: 154 | P12: =O12*(1-Q12) -> 149.38 | Q12: =Input_Parametreleri!$B$7 -> 0.03 | R12: =IFERROR(E12*1000000/(Input_Parametreleri!$B$2*Input_Parametreleri!$B$3*P12*Input_Parametreleri!$B$4),0) -> 379.11069 | S12: =IFERROR(G12*3600000000/(Input_Parametreleri!$B$2*Input_Parametreleri!$B$3*P12*Input_Parametreleri!$B$4)/1000000,0) -> 9.5535894 | T12: =Input_Parametreleri!$B$6 -> 0.78 | U12: =IFERROR(E12/Input_Parametreleri!$B$6,0) -> 641.02564 | V12: =IFERROR(G12/Input_Parametreleri!$B$6,0) -> 4487.1795 | W12: =Input_Parametreleri!$B$8 -> 300 | X12: =G12*W12/1000 -> 1050 | Y12: =Input_Parametreleri!$B$9 -> 110 | Z12: =Input_Parametreleri!$B$10 -> 45 | AA12: =G12*W12*Y12/1000000 -> 115.5 | AB12: =V12*W12*Z12/1000000 -> 60.576923 | AC12: =AA12-AB12 -> 54.923077 | AD12: =E12*Input_Parametreleri!$B$11/1000000 -> 22.5 | AE12: =E12*Input_Parametreleri!$B$12/1000000 -> 15 | AF12: =AC12+AD12+AE12 -> 92.423077 | AG12: =Input_Parametreleri!$B$13*(1+IF(P12<200,Input_Parametreleri!$B$17,0)+IF(O12>700,Input_Parametreleri!$B$16,0)+IF(ISNUMBER(SEARCH("Deniz",C12)),Input_Parametreleri!$B$15-1,0)) -> 1870 | AH12: =E12*1000*AG12/1000000 -> 935 | AI12: =AH12*Input_Parametreleri!$B$14 -> 14.025 | AJ12: =AF12-AI12 -> 78.398077 | AK12: =IFERROR(AH12/AJ12,0) -> 11.926313 | AL12: Yüksek/Orta | AM12: Ceyhan havzası, sulama/taşkın işletmesi, düşük düşü nedeniyle yüksek debi | AN12: Alt kotlar için yayımlanmış su kotu/koordinat kaynakları; üst nokta ön etüt yerleşim noktasıdır. Nihai mühendislik için 10-30 m DEM ve sahada doğrulama gerekir. | AO12: https://earth.google.com/web/search/37.272778,36.270833 | AP12: https://earth.google.com/web/search/37.281000,36.265000 | AQ12: https://www.enerjiatlasi.com/hidroelektrik/aslantas-baraji.html | AR12: https://www.emo.org.tr/ekler/05c493149542899_ek.pdf
A13: 12 | B13: Demirköprü PDHES | C13: Açık Çevrim PDHES | D13: Manisa | E13: 300 | F13: 7 | G13: =E13*F13 -> 2100 | H13: Demirköprü Barajı | I13: 38.616667 | J13: 28.311667 | K13: 244.2 | L13: 38.624 | M13: 28.298 | N13: =K13+O13 -> 457.2 | O13: 213 | P13: =O13*(1-Q13) -> 206.61 | Q13: =Input_Parametreleri!$B$7 -> 0.03 | R13: =IFERROR(E13*1000000/(Input_Parametreleri!$B$2*Input_Parametreleri!$B$3*P13*Input_Parametreleri!$B$4),0) -> 164.45929 | S13: =IFERROR(G13*3600000000/(Input_Parametreleri!$B$2*Input_Parametreleri!$B$3*P13*Input_Parametreleri!$B$4)/1000000,0) -> 4.144374 | T13: =Input_Parametreleri!$B$6 -> 0.78 | U13: =IFERROR(E13/Input_Parametreleri!$B$6,0) -> 384.61538 | V13: =IFERROR(G13/Input_Parametreleri!$B$6,0) -> 2692.3077 | W13: =Input_Parametreleri!$B$8 -> 300 | X13: =G13*W13/1000 -> 630 | Y13: =Input_Parametreleri!$B$9 -> 110 | Z13: =Input_Parametreleri!$B$10 -> 45 | AA13: =G13*W13*Y13/1000000 -> 69.3 | AB13: =V13*W13*Z13/1000000 -> 36.346154 | AC13: =AA13-AB13 -> 32.953846 | AD13: =E13*Input_Parametreleri!$B$11/1000000 -> 13.5 | AE13: =E13*Input_Parametreleri!$B$12/1000000 -> 9 | AF13: =AC13+AD13+AE13 -> 55.453846 | AG13: =Input_Parametreleri!$B$13*(1+IF(P13<200,Input_Parametreleri!$B$17,0)+IF(O13>700,Input_Parametreleri!$B$16,0)+IF(ISNUMBER(SEARCH("Deniz",C13)),Input_Parametreleri!$B$15-1,0)) -> 1700 | AH13: =E13*1000*AG13/1000000 -> 510 | AI13: =AH13*Input_Parametreleri!$B$14 -> 7.65 | AJ13: =AF13-AI13 -> 47.803846 | AK13: =IFERROR(AH13/AJ13,0) -> 10.668598 | AL13: Orta | AM13: Gediz havzası; tarımsal sulama, deprem/jeoteknik ve su tahsis riski | AN13: Alt kotlar için yayımlanmış su kotu/koordinat kaynakları; üst nokta ön etüt yerleşim noktasıdır. Nihai mühendislik için 10-30 m DEM ve sahada doğrulama gerekir. | AO13: https://earth.google.com/web/search/38.616667,28.311667 | AP13: https://earth.google.com/web/search/38.624000,28.298000 | AQ13: https://www.enerjiatlasi.com/hidroelektrik/demirkopru-baraji.html | AR13: Ön etüt/harita doğrulaması gerekli; eski PDHES listesi notu
A14: 13 | B14: Taşucu-Gülnar Deniz Suyu PSPP | C14: Deniz suyu PDHES | D14: Mersin | E14: 100 | F14: 7 | G14: =E14*F14 -> 700 | H14: Akdeniz / Taşucu kıyısı | I14: 36.23 | J14: 33.8 | K14: 0 | L14: 36.285 | M14: 33.844 | N14: 500 | O14: 500 | P14: 485 | Q14: =Input_Parametreleri!$B$7 -> 0.03 | R14: =IFERROR(E14*1000000/(Input_Parametreleri!$B$2*Input_Parametreleri!$B$3*P14*Input_Parametreleri!$B$4),0) -> 23.353219 | S14: =IFERROR(G14*3600000000/(Input_Parametreleri!$B$2*Input_Parametreleri!$B$3*P14*Input_Parametreleri!$B$4)/1000000,0) -> 0.58850111 | T14: =Input_Parametreleri!$B$6 -> 0.78 | U14: =IFERROR(E14/Input_Parametreleri!$B$6,0) -> 128.20513 | V14: =IFERROR(G14/Input_Parametreleri!$B$6,0) -> 897.4359 | W14: =Input_Parametreleri!$B$8 -> 300 | X14: =G14*W14/1000 -> 210 | Y14: =Input_Parametreleri!$B$9 -> 110 | Z14: =Input_Parametreleri!$B$10 -> 45 | AA14: =G14*W14*Y14/1000000 -> 23.1 | AB14: =V14*W14*Z14/1000000 -> 12.115385 | AC14: =AA14-AB14 -> 10.984615 | AD14: =E14*Input_Parametreleri!$B$11/1000000 -> 4.5 | AE14: =E14*Input_Parametreleri!$B$12/1000000 -> 3 | AF14: =AC14+AD14+AE14 -> 18.484615 | AG14: 1670.7716 | AH14: 167.07716 | AI14: 2.5061574 | AJ14: 15.978458 | AK14: 10.456401 | AL14: Orta | AM14: Deniz suyu korozyonu, kıyı izinleri, deniz ekolojisi, karst ve sızdırmazlık riski | AN14: Alt kotlar için yayımlanmış su kotu/koordinat kaynakları; üst nokta ön etüt yerleşim noktasıdır. Nihai mühendislik için 10-30 m DEM ve sahada doğrulama gerekir. | AO14: https://earth.google.com/web/search/36.230000,33.800000 | AP14: https://earth.google.com/web/search/36.285000,33.844000 | AQ14: Deniz seviyesi kabulü; Google Earth konum kontrolü gerekli | AR14: Ön etüt/harita doğrulaması gerekli; deniz suyu PDHES taraması
A15: 14 | B15: Bozyazı-Anamur Deniz Suyu PSPP | C15: Deniz suyu PDHES | D15: Mersin | E15: 100 | F15: 7 | G15: =E15*F15 -> 700 | H15: Akdeniz / Anamur-Bozyazı kıyısı | I15: 36.097 | J15: 32.98 | K15: 0 | L15: 36.165 | M15: 33.02 | N15: 600 | O15: 600 | P15: 582 | Q15: =Input_Parametreleri!$B$7 -> 0.03 | R15: =IFERROR(E15*1000000/(Input_Parametreleri!$B$2*Input_Parametreleri!$B$3*P15*Input_Parametreleri!$B$4),0) -> 19.461015 | S15: =IFERROR(G15*3600000000/(Input_Parametreleri!$B$2*Input_Parametreleri!$B$3*P15*Input_Parametreleri!$B$4)/1000000,0) -> 0.49041759 | T15: =Input_Parametreleri!$B$6 -> 0.78 | U15: =IFERROR(E15/Input_Parametreleri!$B$6,0) -> 128.20513 | V15: =IFERROR(G15/Input_Parametreleri!$B$6,0) -> 897.4359 | W15: =Input_Parametreleri!$B$8 -> 300 | X15: =G15*W15/1000 -> 210 | Y15: =Input_Parametreleri!$B$9 -> 110 | Z15: =Input_Parametreleri!$B$10 -> 45 | AA15: =G15*W15*Y15/1000000 -> 23.1 | AB15: =V15*W15*Z15/1000000 -> 12.115385 | AC15: =AA15-AB15 -> 10.984615 | AD15: =E15*Input_Parametreleri!$B$11/1000000 -> 4.5 | AE15: =E15*Input_Parametreleri!$B$12/1000000 -> 3 | AF15: =AC15+AD15+AE15 -> 18.484615 | AG15: 1672.7452 | AH15: 167.27452 | AI15: 2.5091178 | AJ15: 15.975498 | AK15: 10.470693 | AL15: Orta | AM15: Orta-yüksek düşü; kıyı/orman izinleri, heyelan, korozyon ve sızdırmazlık riski | AN15: Alt kotlar için yayımlanmış su kotu/koordinat kaynakları; üst nokta ön etüt yerleşim noktasıdır. Nihai mühendislik için 10-30 m DEM ve sahada doğrulama gerekir. | AO15: https://earth.google.com/web/search/36.097000,32.980000 | AP15: https://earth.google.com/web/search/36.165000,33.020000 | AQ15: Deniz seviyesi kabulü; Google Earth konum kontrolü gerekli | AR15: Ön etüt/harita doğrulaması gerekli; deniz suyu PDHES taraması
A16: 15 | B16: Karaburun Sırtı Deniz Suyu PSPP | C16: Deniz suyu PDHES | D16: İzmir | E16: 100 | F16: 7 | G16: =E16*F16 -> 700 | H16: Ege Denizi / Karaburun kıyısı | I16: 38.629 | J16: 26.57 | K16: 0 | L16: 38.66 | M16: 26.61 | N16: 900 | O16: 900 | P16: 873 | Q16: =Input_Parametreleri!$B$7 -> 0.03 | R16: =IFERROR(E16*1000000/(Input_Parametreleri!$B$2*Input_Parametreleri!$B$3*P16*Input_Parametreleri!$B$4),0) -> 12.97401 | S16: =IFERROR(G16*3600000000/(Input_Parametreleri!$B$2*Input_Parametreleri!$B$3*P16*Input_Parametreleri!$B$4)/1000000,0) -> 0.32694506 | T16: =Input_Parametreleri!$B$6 -> 0.78 | U16: =IFERROR(E16/Input_Parametreleri!$B$6,0) -> 128.20513 | V16: =IFERROR(G16/Input_Parametreleri!$B$6,0) -> 897.4359 | W16: =Input_Parametreleri!$B$8 -> 300 | X16: =G16*W16/1000 -> 210 | Y16: =Input_Parametreleri!$B$9 -> 110 | Z16: =Input_Parametreleri!$B$10 -> 45 | AA16: =G16*W16*Y16/1000000 -> 23.1 | AB16: =V16*W16*Z16/1000000 -> 12.115385 | AC16: =AA16-AB16 -> 10.984615 | AD16: =E16*Input_Parametreleri!$B$11/1000000 -> 4.5 | AE16: =E16*Input_Parametreleri!$B$12/1000000 -> 3 | AF16: =AC16+AD16+AE16 -> 18.484615 | AG16: 2107.9561 | AH16: 210.79561 | AI16: 3.1619342 | AJ16: 15.322681 | AK16: 13.757097 | AL16: Orta | AM16: Çok yüksek düşü; doğal sit/orman izinleri, görsel etki, deniz ekolojisi ve yüksek basınçlı su yolu riski | AN16: Alt kotlar için yayımlanmış su kotu/koordinat kaynakları; üst nokta ön etüt yerleşim noktasıdır. Nihai mühendislik için 10-30 m DEM ve sahada doğrulama gerekir. | AO16: https://earth.google.com/web/search/38.629000,26.570000 | AP16: https://earth.google.com/web/search/38.660000,26.610000 | AQ16: Deniz seviyesi kabulü; Google Earth konum kontrolü gerekli | AR16: Ön etüt/harita doğrulaması gerekli; deniz suyu PDHES taraması

Sheet Koordinatlar_Kotlar
A1: No | B1: Aday Adı | C1: Alt Rezervuar | D1: Alt Enlem | E1: Alt Boylam | F1: Alt Kotu (m) | G1: Üst Enlem | H1: Üst Boylam | I1: Üst Kotu (m) | J1: Brüt Düşü (m) | K1: Net Düşü (m) | L1: Yaklaşık Yatay Mesafe (km) | M1: Plan Su Yolu/Tünel (km) | N1: Alt Google Earth | O1: Üst Google Earth | P1: Alt Kaynak | Q1: Üst Kaynak | R1: Koordinat/Kot Güven Notu
A2: 1 | B2: Gökçekaya PDHES | C2: Gökçekaya Barajı | D2: 40.03306 | E2: 31.01611 | F2: 389 | G2: 40.057 | H2: 30.979 | I2: 769 | J2: 380 | K2: =J2*(1-Input_Parametreleri!$B$7) -> 368.6 | L2: 4.1310185 | M2: 4.051 | N2: https://earth.google.com/web/search/40.033060,31.016110 | O2: https://earth.google.com/web/search/40.057000,30.979000 | P2: https://www.enerjiatlasi.com/hidroelektrik/gokcekaya-baraji.html | Q2: Ön etüt/harita doğrulaması gerekli; PDHES kavramsal tasarım bilgisi | R2: Üst rezervuar noktaları ön etüt referans noktasıdır; nihai kot için Google Earth/DEM ile kesit ve alan-hacim analizi gerekir.
A3: 2 | B3: Sarıyar PDHES | C3: Sarıyar Barajı | D3: 40.04 | E3: 31.414167 | F3: 475 | G3: 40.048 | H3: 31.396 | I3: 910 | J3: 435 | K3: =J3*(1-Input_Parametreleri!$B$7) -> 421.95 | L3: 1.7840686 | M3: 1.797 | N3: https://earth.google.com/web/search/40.040000,31.414167 | O3: https://earth.google.com/web/search/40.048000,31.396000 | P3: https://www.enerjiatlasi.com/hidroelektrik/sariyar-baraji.html | Q3: https://www.emo.org.tr/ekler/05c493149542899_ek.pdf | R3: Üst rezervuar noktaları ön etüt referans noktasıdır; nihai kot için Google Earth/DEM ile kesit ve alan-hacim analizi gerekir.
A4: 3 | B4: Altınkaya PDHES | C4: Altınkaya Barajı | D4: 41.363333 | E4: 35.724167 | F4: 190 | G4: 41.382 | H4: 35.674 | I4: 801 | J4: 611 | K4: =J4*(1-Input_Parametreleri!$B$7) -> 592.67 | L4: 4.6724785 | M4: 4.555 | N4: https://earth.google.com/web/search/41.363333,35.724167 | O4: https://earth.google.com/web/search/41.382000,35.674000 | P4: https://www.enerjiatlasi.com/hidroelektrik/altinkaya-baraji.html | Q4: https://web.itu.edu.tr/aydere/PDHES_raporu_v2.pdf | R4: Üst rezervuar noktaları ön etüt referans noktasıdır; nihai kot için Google Earth/DEM ile kesit ve alan-hacim analizi gerekir.
A5: 4 | B5: Bayramhacılı PDHES | C5: Bayramhacılı Barajı / Kızılırmak | D5: 38.78611 | E5: 35.05583 | F5: 980 | G5: 38.79389 | H5: 35.055 | I5: 1141 | J5: 161 | K5: =J5*(1-Input_Parametreleri!$B$7) -> 156.17 | L5: 0.8680835 | M5: 0.465 | N5: https://earth.google.com/web/search/38.786110,35.055830 | O5: https://earth.google.com/web/search/38.793890,35.055000 | P5: https://www.senerji.com/Sayfa-55-bayramhacili-hes.html | Q5: 430169.pdf; Çizelge 7.5 üst rezervuar/santral koordinatları | R5: Üst rezervuar noktaları ön etüt referans noktasıdır; nihai kot için Google Earth/DEM ile kesit ve alan-hacim analizi gerekir.
A6: 5 | B6: Hasan Uğurlu PDHES | C6: Hasan Uğurlu Barajı | D6: 40.93611 | E6: 36.64639 | F6: 190 | G6: 40.945 | H6: 36.631 | I6: 760 | J6: 570 | K6: =J6*(1-Input_Parametreleri!$B$7) -> 552.9 | L6: 1.6273398 | M6: 1.6 | N6: https://earth.google.com/web/search/40.936110,36.646390 | O6: https://earth.google.com/web/search/40.945000,36.631000 | P6: https://www.enerjiatlasi.com/hidroelektrik/hasan-ugurlu-baraji.html | Q6: https://www.emo.org.tr/ekler/05c493149542899_ek.pdf | R6: Üst rezervuar noktaları ön etüt referans noktasıdır; nihai kot için Google Earth/DEM ile kesit ve alan-hacim analizi gerekir.
A7: 6 | B7: Adıgüzel PDHES | C7: Adıgüzel Barajı | D7: 38.15889 | E7: 29.20583 | F7: 453.5 | G7: 38.164 | H7: 29.198 | I7: 695.5 | J7: 242 | K7: =J7*(1-Input_Parametreleri!$B$7) -> 234.74 | L7: 0.88966345 | M7: 0.966 | N7: https://earth.google.com/web/search/38.158890,29.205830 | O7: https://earth.google.com/web/search/38.164000,29.198000 | P7: https://www.enerjiatlasi.com/hidroelektrik/adiguzel-baraji.html | Q7: https://www.emo.org.tr/ekler/05c493149542899_ek.pdf | R7: Üst rezervuar noktaları ön etüt referans noktasıdır; nihai kot için Google Earth/DEM ile kesit ve alan-hacim analizi gerekir.
A8: 7 | B8: Kargı PDHES | C8: Kargı Barajı | D8: 39.966111 | E8: 31.74 | F8: 557.5 | G8: 39.978 | H8: 31.713 | I8: 1070.5 | J8: 513 | K8: =J8*(1-Input_Parametreleri!$B$7) -> 497.61 | L8: 2.6535657 | M8: 2.762 | N8: https://earth.google.com/web/search/39.966111,31.740000 | O8: https://earth.google.com/web/search/39.978000,31.713000 | P8: https://turkiyebarajlar.com/baraj/kargi-baraji-ve-hes | Q8: https://www.emo.org.tr/ekler/05c493149542899_ek.pdf | R8: Üst rezervuar noktaları ön etüt referans noktasıdır; nihai kot için Google Earth/DEM ile kesit ve alan-hacim analizi gerekir.
A9: 8 | B9: Karacaören II PDHES | C9: Karacaören II Barajı | D9: 37.306667 | E9: 30.808889 | F9: 187.5 | G9: 37.325 | H9: 30.78 | I9: 802.5 | J9: 615 | K9: =J9*(1-Input_Parametreleri!$B$7) -> 596.55 | L9: 3.2684107 | M9: 3.2 | N9: https://earth.google.com/web/search/37.306667,30.808889 | O9: https://earth.google.com/web/search/37.325000,30.780000 | P9: https://www.enerjiatlasi.com/hidroelektrik/karacaoren-2-hes.html | Q9: Ön etüt/harita doğrulaması gerekli | R9: Üst rezervuar noktaları ön etüt referans noktasıdır; nihai kot için Google Earth/DEM ile kesit ve alan-hacim analizi gerekir.
A10: 9 | B10: Yamula PDHES | C10: Yamula Barajı | D10: 38.90389 | E10: 35.27111 | F10: 1100 | G10: 38.914 | H10: 35.253 | I10: 1360 | J10: 260 | K10: =J10*(1-Input_Parametreleri!$B$7) -> 252.2 | L10: 1.9285293 | M10: 1.92 | N10: https://earth.google.com/web/search/38.903890,35.271110 | O10: https://earth.google.com/web/search/38.914000,35.253000 | P10: https://www.enerjiatlasi.com/hidroelektrik/yamula-baraji.html | Q10: https://www.emo.org.tr/ekler/05c493149542899_ek.pdf | R10: Üst rezervuar noktaları ön etüt referans noktasıdır; nihai kot için Google Earth/DEM ile kesit ve alan-hacim analizi gerekir.
A11: 10 | B11: Oymapınar PDHES | C11: Oymapınar Barajı | D11: 36.90861 | E11: 31.53167 | F11: 184 | G11: 36.916 | H11: 31.529 | I11: 556 | J11: 372 | K11: =J11*(1-Input_Parametreleri!$B$7) -> 360.84 | L11: 0.85533182 | M11: 0.919 | N11: https://earth.google.com/web/search/36.908610,31.531670 | O11: https://earth.google.com/web/search/36.916000,31.529000 | P11: https://www.enerjiatlasi.com/hidroelektrik/oymapinar-baraji.html | Q11: https://avesis.gazi.edu.tr/yonetilen-tez/76f89662-aaa8-4dd0-b548-7ce36fe99e7c/pompaj-depolamali-hidroelektrik-santral-tasarimi | R11: Üst rezervuar noktaları ön etüt referans noktasıdır; nihai kot için Google Earth/DEM ile kesit ve alan-hacim analizi gerekir.
A12: 11 | B12: Aslantaş PDHES | C12: Aslantaş Barajı | D12: 37.272778 | E12: 36.270833 | F12: 155 | G12: 37.281 | H12: 36.265 | I12: 309 | J12: 154 | K12: =J12*(1-Input_Parametreleri!$B$7) -> 149.38 | L12: 1.0498611 | M12: 1.1 | N12: https://earth.google.com/web/search/37.272778,36.270833 | O12: https://earth.google.com/web/search/37.281000,36.265000 | P12: https://www.enerjiatlasi.com/hidroelektrik/aslantas-baraji.html | Q12: https://www.emo.org.tr/ekler/05c493149542899_ek.pdf | R12: Üst rezervuar noktaları ön etüt referans noktasıdır; nihai kot için Google Earth/DEM ile kesit ve alan-hacim analizi gerekir.
A13: 12 | B13: Demirköprü PDHES | C13: Demirköprü Barajı | D13: 38.616667 | E13: 28.311667 | F13: 244.2 | G13: 38.624 | H13: 28.298 | I13: 457.2 | J13: 213 | K13: =J13*(1-Input_Parametreleri!$B$7) -> 206.61 | L13: 1.4403642 | M13: 1.462 | N13: https://earth.google.com/web/search/38.616667,28.311667 | O13: https://earth.google.com/web/search/38.624000,28.298000 | P13: https://www.enerjiatlasi.com/hidroelektrik/demirkopru-baraji.html | Q13: Ön etüt/harita doğrulaması gerekli; eski PDHES listesi notu | R13: Üst rezervuar noktaları ön etüt referans noktasıdır; nihai kot için Google Earth/DEM ile kesit ve alan-hacim analizi gerekir.
... A16: 15 | B16: Karaburun Sırtı Deniz Suyu PSPP | C16: Ege Denizi / Karaburun kıyısı | D16: 38.629 | E16: 26.57 | F16: 0 | G16: 38.66 | H16: 26.61 | I16: 620 | J16: 620 | K16: =J16*(1-Input_Parametreleri!$B$7) -> 601.4 | L16: 4.8938807 | M16: 5 | N16: https://earth.google.com/web/search/38.629000,26.570000 | O16: https://earth.google.com/web/search/38.660000,26.610000 | P16: Deniz seviyesi kabulü; Google Earth konum kontrolü gerekli | Q16: Ön etüt/harita doğrulaması gerekli; deniz suyu PDHES taraması | R16: Üst rezervuar noktaları ön etüt referans noktasıdır; nihai kot için Google Earth/DEM ile kesit ve alan-hacim analizi gerekir.

Sheet Input_Parametreleri
A1: Parametre | B1: Değer | C1: Birim | D1: Açıklama
A2: Su yoğunluğu | B2: 1000 | C2: kg/m³ | D2: Tatlı su için 1000 kg/m³; deniz suyu için hassas çalışmada 1025 kullanılabilir.
A3: Yerçekimi ivmesi | B3: 9.81 | C3: m/s² | D3: Hidroelektrik güç hesabında kullanılır.
A4: Türbin-jeneratör verimi | B4: 0.9 | C4: - | D4: Üretim modundaki hidrolik-elektrik verim.
A5: Pompa-motor verimi | B5: 0.86 | C5: - | D5: Pompalama modundaki elektrik-hidrolik verim.
A6: Çevrim verimi | B6: 0.78 | C6: - | D6: Pompaj + üretim toplam çevrim verimi; pompaj enerji maliyeti için kullanılır.
A7: Hidrolik kayıp oranı | B7: 0.03 | C7: - | D7: Brüt düşüden net düşüye geçiş için varsayılan kayıp.
A8: Yıllık çevrim sayısı | B8: 300 | C8: çevrim/yıl | D8: Her çevrimde depolama süresi kadar üretim varsayılır.
A9: Pik satış fiyatı | B9: 110 | C9: $/MWh | D9: Üretim saatleri ortalama satış fiyatı.
A10: Dip/pompaj alış fiyatı | B10: 45 | C10: $/MWh | D10: Pompalama saatleri ortalama enerji maliyeti.
A11: Yan hizmet birim geliri | B11: 45000 | C11: $/MW-yıl | D11: Frekans/rezerv/reaktif vb. yıllık kapasite değeri varsayımı.
A12: Kapasite mekanizması birim geliri | B12: 30000 | C12: $/MW-yıl | D12: Kapasite mekanizması ya da kapasite değeri varsayımı.
A13: Baz CAPEX yoğunluğu | B13: 1700 | C13: $/kW | D13: Ön etüt yatırım yoğunluğu; aday bazında formülle ayarlanır.
... A17: Düşük düşü CAPEX eklentisi | B17: 0.1 | C17: oran | D17: Net düşü < 200 m ise yüksek debi/elektromekanik maliyet etkisi.

Sheet Hesaplama_Yontemi
A1: PDHES Dinamik Hesaplama Modülü - Kullanım Kılavuzu
A2: Amaç | B2: Bu dosya, seçilen alt/üst rezervuar kotları ve dinamik ekonomik parametrelerle PDHES ön fizibilite hesabı yapar.
A3: Kullanım | B3: Input_Parametreleri sayfasındaki fiyat, verim, CAPEX ve çevrim değerlerini değiştirin. Aday_Verileri sayfasındaki hesap kolonları otomatik güncellenir.
A4: Kot seçimi | B4: Alt rezervuar kotu yayımlanmış maksimum/normal işletme su seviyesi olarak alınmıştır. Üst rezervuar kotu = alt kot + seçilen brüt düşü şeklinde kurulmuştur.
A5: Net düşü | B5: Net Düşü = Brüt Düşü x (1 - Hidrolik Kayıp Oranı). Hidrolik kayıp varsayımı Input_Parametreleri!B7 hücresinden değişir.
A6: Proje debisi | B6: Q = P / (rho x g x Hnet x ηtürbin). P watt, rho kg/m³, g m/s², H metre alınır.
A7: Üst aktif hacim | B7: V = E x 3.6e9 / (rho x g x Hnet x ηtürbin). Sonuç hm³ olarak verilir.
A8: Arbitraj geliri | B8: Brüt üretim geliri = MWh/yıl x pik fiyat. Pompaj maliyeti = pompaj MWh/yıl x dip fiyat. Net arbitraj bu ikisinin farkıdır.
A9: Yan hizmet ve kapasite geliri | B9: Yan hizmet = MW x $/MW-yıl; kapasite mekanizması = MW x $/MW-yıl. İki parametre dinamik hücrelerden gelir.
A10: CAPEX ve geri ödeme | B10: CAPEX = MW x 1000 x $/kW. Deniz suyu, yüksek düşü ve düşük düşü için basit eklenti çarpanları kullanılır. Geri ödeme = CAPEX / net yıllık nakit akımı.
A11: Önemli uyarı | B11: Bu dosya mühendislik ön etüdü formatındadır; nihai tasarım için 10-30 m DEM, jeoloji, arazi mülkiyeti, su tahsis ve ÇED çalışması gerekir.
A12: Referans | B12: Yüklenen 430169.pdf tezinde hidroelektrik güç formülü, Bayramhacılı örneği, proje debisi, net düşü, enerji faydası ve yatırım kalemleri kullanılmıştır.

Sheet Skor_Hesap
A1: No | B1: Aday Adı | C1: Teknik Skor | D1: Ekonomik Skor | E1: Veri Güven Skoru | F1: Risk Skoru | G1: Toplam Skor | H1: Sınıf | I1: Skor Açıklaması
A2: 1 | B2: Gökçekaya PDHES | C2: =MIN(100,MAX(0,(Aday_Verileri!P2/700)*55+(Aday_Verileri!G2/10000)*25+(1/(1+Aday_Verileri!R2/800))*20)) -> 66.46754 | D2: =MIN(100,MAX(0,100-Aday_Verileri!AK2*5)) -> 46.657012 | E2: =IF(Aday_Verileri!AL2="Yüksek/Orta",80,55) -> 55 | F2: =MAX(0,100-IF(ISNUMBER(SEARCH("deniz",Aday_Verileri!C2)),20,0)-IF(ISNUMBER(SEARCH("jeoloji",Aday_Verileri!AM2)),15,0)-IF(ISNUMBER(SEARCH("izin",Aday_Verileri!AM2)),15,0)-IF(ISNUMBER(SEARCH("su",Aday_Verileri!AM2)),10,0)) -> 70 | G2: =C2*0.4+D2*0.35+E2*0.1+F2*0.15 -> 58.91697 | H2: =IF(G2>=80,"A - Öncelikli",IF(G2>=65,"B - İncelenmeli",IF(G2>=50,"C - Koşullu","D - Zayıf"))) -> C - Koşullu | I2: Skorlar formüllüdür: düşü/enerji/debi, geri ödeme, veri güven ve risk metni üzerinden hesaplanır.
A3: 2 | B3: Sarıyar PDHES | C3: =MIN(100,MAX(0,(Aday_Verileri!P3/700)*55+(Aday_Verileri!G3/10000)*25+(1/(1+Aday_Verileri!R3/800))*20)) -> 65.628489 | D3: =MIN(100,MAX(0,100-Aday_Verileri!AK3*5)) -> 46.657012 | E3: =IF(Aday_Verileri!AL3="Yüksek/Orta",80,55) -> 80 | F3: =MAX(0,100-IF(ISNUMBER(SEARCH("deniz",Aday_Verileri!C3)),20,0)-IF(ISNUMBER(SEARCH("jeoloji",Aday_Verileri!AM3)),15,0)-IF(ISNUMBER(SEARCH("izin",Aday_Verileri!AM3)),15,0)-IF(ISNUMBER(SEARCH("su",Aday_Verileri!AM3)),10,0)) -> 85 | G3: =C3*0.4+D3*0.35+E3*0.1+F3*0.15 -> 63.33135 | H3: =IF(G3>=80,"A - Öncelikli",IF(G3>=65,"B - İncelenmeli",IF(G3>=50,"C - Koşullu","D - Zayıf"))) -> C - Koşullu | I3: Skorlar formüllüdür: düşü/enerji/debi, geri ödeme, veri güven ve risk metni üzerinden hesaplanır.
A4: 3 | B4: Altınkaya PDHES | C4: =MIN(100,MAX(0,(Aday_Verileri!P4/700)*55+(Aday_Verileri!G4/10000)*25+(1/(1+Aday_Verileri!R4/800))*20)) -> 92.053043 | D4: =MIN(100,MAX(0,100-Aday_Verileri!AK4*5)) -> 46.657012 | E4: =IF(Aday_Verileri!AL4="Yüksek/Orta",80,55) -> 80 | F4: =MAX(0,100-IF(ISNUMBER(SEARCH("deniz",Aday_Verileri!C4)),20,0)-IF(ISNUMBER(SEARCH("jeoloji",Aday_Verileri!AM4)),15,0)-IF(ISNUMBER(SEARCH("izin",Aday_Verileri!AM4)),15,0)-IF(ISNUMBER(SEARCH("su",Aday_Verileri!AM4)),10,0)) -> 100 | G4: =C4*0.4+D4*0.35+E4*0.1+F4*0.15 -> 76.151171 | H4: =IF(G4>=80,"A - Öncelikli",IF(G4>=65,"B - İncelenmeli",IF(G4>=50,"C - Koşullu","D - Zayıf"))) -> B - İncelenmeli | I4: Skorlar formüllüdür: düşü/enerji/debi, geri ödeme, veri güven ve risk metni üzerinden hesaplanır.
A5: 4 | B5: Bayramhacılı PDHES | C5: =MIN(100,MAX(0,(Aday_Verileri!P5/700)*55+(Aday_Verileri!G5/10000)*25+(1/(1+Aday_Verileri!R5/800))*20)) -> 40.260548 | D5: =MIN(100,MAX(0,100-Aday_Verileri!AK5*5)) -> 40.368435 | E5: =IF(Aday_Verileri!AL5="Yüksek/Orta",80,55) -> 80 | F5: =MAX(0,100-IF(ISNUMBER(SEARCH("deniz",Aday_Verileri!C5)),20,0)-IF(ISNUMBER(SEARCH("jeoloji",Aday_Verileri!AM5)),15,0)-IF(ISNUMBER(SEARCH("izin",Aday_Verileri!AM5)),15,0)-IF(ISNUMBER(SEARCH("su",Aday_Verileri!AM5)),10,0)) -> 100 | G5: =C5*0.4+D5*0.35+E5*0.1+F5*0.15 -> 53.233171 | H5: =IF(G5>=80,"A - Öncelikli",IF(G5>=65,"B - İncelenmeli",IF(G5>=50,"C - Koşullu","D - Zayıf"))) -> C - Koşullu | I5: Skorlar formüllüdür: düşü/enerji/debi, geri ödeme, veri güven ve risk metni üzerinden hesaplanır.
A6: 5 | B6: Hasan Uğurlu PDHES | C6: =MIN(100,MAX(0,(Aday_Verileri!P6/700)*55+(Aday_Verileri!G6/10000)*25+(1/(1+Aday_Verileri!R6/800))*20)) -> 76.864873 | D6: =MIN(100,MAX(0,100-Aday_Verileri!AK6*5)) -> 46.657012 | E6: =IF(Aday_Verileri!AL6="Yüksek/Orta",80,55) -> 80 | F6: =MAX(0,100-IF(ISNUMBER(SEARCH("deniz",Aday_Verileri!C6)),20,0)-IF(ISNUMBER(SEARCH("jeoloji",Aday_Verileri!AM6)),15,0)-IF(ISNUMBER(SEARCH("izin",Aday_Verileri!AM6)),15,0)-IF(ISNUMBER(SEARCH("su",Aday_Verileri!AM6)),10,0)) -> 100 | G6: =C6*0.4+D6*0.35+E6*0.1+F6*0.15 -> 70.075903 | H6: =IF(G6>=80,"A - Öncelikli",IF(G6>=65,"B - İncelenmeli",IF(G6>=50,"C - Koşullu","D - Zayıf"))) -> B - İncelenmeli | I6: Skorlar formüllüdür: düşü/enerji/debi, geri ödeme, veri güven ve risk metni üzerinden hesaplanır.
A7: 6 | B7: Adıgüzel PDHES | C7: =MIN(100,MAX(0,(Aday_Verileri!P7/700)*55+(Aday_Verileri!G7/10000)*25+(1/(1+Aday_Verileri!R7/800))*20)) -> 48.419447 | D7: =MIN(100,MAX(0,100-Aday_Verileri!AK7*5)) -> 46.657012 | E7: =IF(Aday_Verileri!AL7="Yüksek/Orta",80,55) -> 80 | F7: =MAX(0,100-IF(ISNUMBER(SEARCH("deniz",Aday_Verileri!C7)),20,0)-IF(ISNUMBER(SEARCH("jeoloji",Aday_Verileri!AM7)),15,0)-IF(ISNUMBER(SEARCH("izin",Aday_Verileri!AM7)),15,0)-IF(ISNUMBER(SEARCH("su",Aday_Verileri!AM7)),10,0)) -> 90 | G7: =C7*0.4+D7*0.35+E7*0.1+F7*0.15 -> 57.197733 | H7: =IF(G7>=80,"A - Öncelikli",IF(G7>=65,"B - İncelenmeli",IF(G7>=50,"C - Koşullu","D - Zayıf"))) -> C - Koşullu | I7: Skorlar formüllüdür: düşü/enerji/debi, geri ödeme, veri güven ve risk metni üzerinden hesaplanır.
A8: 7 | B8: Kargı PDHES | C8: =MIN(100,MAX(0,(Aday_Verileri!P8/700)*55+(Aday_Verileri!G8/10000)*25+(1/(1+Aday_Verileri!R8/800))*20)) -> 65.357094 | D8: =MIN(100,MAX(0,100-Aday_Verileri!AK8*5)) -> 46.657012 | E8: =IF(Aday_Verileri!AL8="Yüksek/Orta",80,55) -> 80 | F8: =MAX(0,100-IF(ISNUMBER(SEARCH("deniz",Aday_Verileri!C8)),20,0)-IF(ISNUMBER(SEARCH("jeoloji",Aday_Verileri!AM8)),15,0)-IF(ISNUMBER(SEARCH("izin",Aday_Verileri!AM8)),15,0)-IF(ISNUMBER(SEARCH("su",Aday_Verileri!AM8)),10,0)) -> 100 | G8: =C8*0.4+D8*0.35+E8*0.1+F8*0.15 -> 65.472792 | H8: =IF(G8>=80,"A - Öncelikli",IF(G8>=65,"B - İncelenmeli",IF(G8>=50,"C - Koşullu","D - Zayıf"))) -> B - İncelenmeli | I8: Skorlar formüllüdür: düşü/enerji/debi, geri ödeme, veri güven ve risk metni üzerinden hesaplanır.
A9: 8 | B9: Karacaören II PDHES | C9: =MIN(100,MAX(0,(Aday_Verileri!P9/700)*55+(Aday_Verileri!G9/10000)*25+(1/(1+Aday_Verileri!R9/800))*20)) -> 73.500243 | D9: =MIN(100,MAX(0,100-Aday_Verileri!AK9*5)) -> 46.657012 | E9: =IF(Aday_Verileri!AL9="Yüksek/Orta",80,55) -> 55 | F9: =MAX(0,100-IF(ISNUMBER(SEARCH("deniz",Aday_Verileri!C9)),20,0)-IF(ISNUMBER(SEARCH("jeoloji",Aday_Verileri!AM9)),15,0)-IF(ISNUMBER(SEARCH("izin",Aday_Verileri!AM9)),15,0)-IF(ISNUMBER(SEARCH("su",Aday_Verileri!AM9)),10,0)) -> 90 | G9: =C9*0.4+D9*0.35+E9*0.1+F9*0.15 -> 64.730051 | H9: =IF(G9>=80,"A - Öncelikli",IF(G9>=65,"B - İncelenmeli",IF(G9>=50,"C - Koşullu","D - Zayıf"))) -> C - Koşullu | I9: Skorlar formüllüdür: düşü/enerji/debi, geri ödeme, veri güven ve risk metni üzerinden hesaplanır.
A10: 9 | B10: Yamula PDHES | C10: =MIN(100,MAX(0,(Aday_Verileri!P10/700)*55+(Aday_Verileri!G10/10000)*25+(1/(1+Aday_Verileri!R10/800))*20)) -> 44.182324 | D10: =MIN(100,MAX(0,100-Aday_Verileri!AK10*5)) -> 46.657012 | E10: =IF(Aday_Verileri!AL10="Yüksek/Orta",80,55) -> 80 | F10: =MAX(0,100-IF(ISNUMBER(SEARCH("deniz",Aday_Verileri!C10)),20,0)-IF(ISNUMBER(SEARCH("jeoloji",Aday_Verileri!AM10)),15,0)-IF(ISNUMBER(SEARCH("izin",Aday_Verileri!AM10)),15,0)-IF(ISNUMBER(SEARCH("su",Aday_Verileri!AM10)),10,0)) -> 85 | G10: =C10*0.4+D10*0.35+E10*0.1+F10*0.15 -> 54.752884 | H10: =IF(G10>=80,"A - Öncelikli",IF(G10>=65,"B - İncelenmeli",IF(G10>=50,"C - Koşullu","D - Zayıf"))) -> C - Koşullu | I10: Skorlar formüllüdür: düşü/enerji/debi, geri ödeme, veri güven ve risk metni üzerinden hesaplanır.
A11: 10 | B11: Oymapınar PDHES | C11: =MIN(100,MAX(0,(Aday_Verileri!P11/700)*55+(Aday_Verileri!G11/10000)*25+(1/(1+Aday_Verileri!R11/800))*20)) -> 53.821612 | D11: =MIN(100,MAX(0,100-Aday_Verileri!AK11*5)) -> 46.657012 | E11: =IF(Aday_Verileri!AL11="Yüksek/Orta",80,55) -> 80 | F11: =MAX(0,100-IF(ISNUMBER(SEARCH("deniz",Aday_Verileri!C11)),20,0)-IF(ISNUMBER(SEARCH("jeoloji",Aday_Verileri!AM11)),15,0)-IF(ISNUMBER(SEARCH("izin",Aday_Verileri!AM11)),15,0)-IF(ISNUMBER(SEARCH("su",Aday_Verileri!AM11)),10,0)) -> 90 | G11: =C11*0.4+D11*0.35+E11*0.1+F11*0.15 -> 59.358599 | H11: =IF(G11>=80,"A - Öncelikli",IF(G11>=65,"B - İncelenmeli",IF(G11>=50,"C - Koşullu","D - Zayıf"))) -> C - Koşullu | I11: Skorlar formüllüdür: düşü/enerji/debi, geri ödeme, veri güven ve risk metni üzerinden hesaplanır.
A12: 11 | B12: Aslantaş PDHES | C12: =MIN(100,MAX(0,(Aday_Verileri!P12/700)*55+(Aday_Verileri!G12/10000)*25+(1/(1+Aday_Verileri!R12/800))*20)) -> 34.056549 | D12: =MIN(100,MAX(0,100-Aday_Verileri!AK12*5)) -> 40.368435 | E12: =IF(Aday_Verileri!AL12="Yüksek/Orta",80,55) -> 80 | F12: =MAX(0,100-IF(ISNUMBER(SEARCH("deniz",Aday_Verileri!C12)),20,0)-IF(ISNUMBER(SEARCH("jeoloji",Aday_Verileri!AM12)),15,0)-IF(ISNUMBER(SEARCH("izin",Aday_Verileri!AM12)),15,0)-IF(ISNUMBER(SEARCH("su",Aday_Verileri!AM12)),10,0)) -> 90 | G12: =C12*0.4+D12*0.35+E12*0.1+F12*0.15 -> 49.251572 | H12: =IF(G12>=80,"A - Öncelikli",IF(G12>=65,"B - İncelenmeli",IF(G12>=50,"C - Koşullu","D - Zayıf"))) -> D - Zayıf | I12: Skorlar formüllüdür: düşü/enerji/debi, geri ödeme, veri güven ve risk metni üzerinden hesaplanır.
A13: 12 | B13: Demirköprü PDHES | C13: =MIN(100,MAX(0,(Aday_Verileri!P13/700)*55+(Aday_Verileri!G13/10000)*25+(1/(1+Aday_Verileri!R13/800))*20)) -> 38.073249 | D13: =MIN(100,MAX(0,100-Aday_Verileri!AK13*5)) -> 46.657012 | E13: =IF(Aday_Verileri!AL13="Yüksek/Orta",80,55) -> 55 | F13: =MAX(0,100-IF(ISNUMBER(SEARCH("deniz",Aday_Verileri!C13)),20,0)-IF(ISNUMBER(SEARCH("jeoloji",Aday_Verileri!AM13)),15,0)-IF(ISNUMBER(SEARCH("izin",Aday_Verileri!AM13)),15,0)-IF(ISNUMBER(SEARCH("su",Aday_Verileri!AM13)),10,0)) -> 90 | G13: =C13*0.4+D13*0.35+E13*0.1+F13*0.15 -> 50.559254 | H13: =IF(G13>=80,"A - Öncelikli",IF(G13>=65,"B - İncelenmeli",IF(G13>=50,"C - Koşullu","D - Zayıf"))) -> C - Koşullu | I13: Skorlar formüllüdür: düşü/enerji/debi, geri ödeme, veri güven ve risk metni üzerinden hesaplanır.
... A16: 15 | B16: Karaburun Sırtı Deniz Suyu PSPP | C16: =MIN(100,MAX(0,(Aday_Verileri!P16/700)*55+(Aday_Verileri!G16/10000)*25+(1/(1+Aday_Verileri!R16/800))*20)) -> 90.023683 | D16: =MIN(100,MAX(0,100-Aday_Verileri!AK16*5)) -> 31.214514 | E16: =IF(Aday_Verileri!AL16="Yüksek/Orta",80,55) -> 55 | F16: =MAX(0,100-IF(ISNUMBER(SEARCH("deniz",Aday_Verileri!C16)),20,0)-IF(ISNUMBER(SEARCH("jeoloji",Aday_Verileri!AM16)),15,0)-IF(ISNUMBER(SEARCH("izin",Aday_Verileri!AM16)),15,0)-IF(ISNUMBER(SEARCH("su",Aday_Verileri!AM16)),10,0)) -> 55 | G16: =C16*0.4+D16*0.35+E16*0.1+F16*0.15 -> 60.684553 | H16: =IF(G16>=80,"A - Öncelikli",IF(G16>=65,"B - İncelenmeli",IF(G16>=50,"C - Koşullu","D - Zayıf"))) -> C - Koşullu | I16: Skorlar formüllüdür: düşü/enerji/debi, geri ödeme, veri güven ve risk metni üzerinden hesaplanır.

Sheet Kaynaklar_Notlar
A1: Kaynak / Not | B1: URL veya Açıklama
A2: Open-Meteo Elevation API dokümantasyonu | B2: https://open-meteo.com/en/docs/elevation-api
A3: Open-Meteo veri açıklaması | B3: Copernicus DEM 2021 GLO-90, 90 m çözünürlük; dosyada yöntem notu olarak verildi. Bu çalışma içinde API ile otomatik DEM taraması yapılamadığı için üst koordinatlar ön etüt noktasıdır.
A4: Gökçekaya koordinat/kaynak | B4: https://tr.wikipedia.org/wiki/G%C3%B6k%C3%A7ekaya_Baraj%C4%B1_ve_Hidroelektrik_Santrali ; https://www.enerjiatlasi.com/hidroelektrik/gokcekaya-baraji.html
A5: Sarıyar kaynak | B5: https://www.enerjiatlasi.com/hidroelektrik/sariyar-baraji.html ; https://turkiyebarajlar.com/baraj/sariyar
A6: Altınkaya kaynak | B6: https://www.enerjiatlasi.com/hidroelektrik/altinkaya-baraji.html ; https://turkiyebarajlar.com/baraj/altinkaya
A7: Bayramhacılı kaynak | B7: https://www.senerji.com/Sayfa-55-bayramhacili-hes.html ; 430169.pdf
A8: Hasan Uğurlu kaynak | B8: https://www.enerjiatlasi.com/hidroelektrik/hasan-ugurlu-baraji.html
A9: Adıgüzel kaynak | B9: https://www.enerjiatlasi.com/hidroelektrik/adiguzel-baraji.html ; https://tr.wikipedia.org/wiki/Ad%C4%B1g%C3%BCzel_Baraj%C4%B1_ve_Hidroelektrik_Santrali
A10: Kargı kaynak | B10: https://turkiyebarajlar.com/baraj/kargi-baraji-ve-hes ; https://tr.wikipedia.org/wiki/Karg%C4%B1_Baraj%C4%B1_ve_Hidroelektrik_Santrali
A11: Karacaören II kaynak | B11: https://www.enerjiatlasi.com/hidroelektrik/karacaoren-2-hes.html ; https://turkiyebarajlar.com/baraj/karacaoren-ii
A12: Yamula kaynak | B12: https://www.enerjiatlasi.com/hidroelektrik/yamula-baraji.html ; https://www.ayen.com.tr/yamula-hidro-elektrik-santrali
... A17: Sınırlama | B17: Google Earth/Google Maps doğrudan raster kot okuması bu çalışma ortamında yapılamadı. Bu nedenle üst rezervuar koordinatları kesin proje koordinatı değil, Google Earth linkli ön etüt referans noktası olarak verilmiştir.
